"Werner","Krauss","werner.krauss@test.com"
"Seagull","List","seagull-general@lists.sourceforge.net"
"Demian","Turner","demian@phpkitchen.com"
"Radek","Maciaszek","radek@maciaszek.pl"
"Jacob","Hanson","jacdx@jacobhanson.com"
"Sbaturzio","Cantina","sbaturzio@satellite1.191.it"
"Henry","Juan","henryjuan@yahoo.com"
"AJ","Tarachanowicz","ajt@loco-lhype.com"
"Miha","Vrhovnik","miha.vrhovnik@cordia.si"
"Rares","Benea","rbenea@bluestardesign.ro"
